{
  "/people-post" : {
    "transaction" : "/people-post",
    "sampleCount" : 1000,
    "errorCount" : 1000,
    "errorPct" : 100.0,
    "meanResTime" : 48.054999999999986,
    "medianResTime" : 24.0,
    "minResTime" : 1.0,
    "maxResTime" : 767.0,
    "pct1ResTime" : 90.0,
    "pct2ResTime" : 159.94999999999993,
    "pct3ResTime" : 624.7300000000002,
    "throughput" : 380.3727653100038,
    "receivedKBytesPerSec" : 163.8128803727653,
    "sentKBytesPerSec" : 181.2713959680487
  },
  "Total" : {
    "transaction" : "Total",
    "sampleCount" : 3000,
    "errorCount" : 1000,
    "errorPct" : 33.333332,
    "meanResTime" : 59.80100000000012,
    "medianResTime" : 28.0,
    "minResTime" : 1.0,
    "maxResTime" : 1076.0,
    "pct1ResTime" : 131.0,
    "pct2ResTime" : 242.94999999999982,
    "pct3ResTime" : 578.0,
    "throughput" : 1095.6902848794741,
    "receivedKBytesPerSec" : 858.8613951789628,
    "sentKBytesPerSec" : 439.4174579985391
  },
  "/people-6" : {
    "transaction" : "/people-6",
    "sampleCount" : 1000,
    "errorCount" : 0,
    "errorPct" : 0.0,
    "meanResTime" : 81.36800000000002,
    "medianResTime" : 32.0,
    "minResTime" : 3.0,
    "maxResTime" : 1076.0,
    "pct1ResTime" : 210.89999999999998,
    "pct2ResTime" : 329.29999999999905,
    "pct3ResTime" : 591.97,
    "throughput" : 366.03221083455344,
    "receivedKBytesPerSec" : 530.8181963762811,
    "sentKBytesPerSec" : 134.04499908491945
  },
  "/-7" : {
    "transaction" : "/-7",
    "sampleCount" : 1000,
    "errorCount" : 0,
    "errorPct" : 0.0,
    "meanResTime" : 49.979999999999976,
    "medianResTime" : 29.0,
    "minResTime" : 2.0,
    "maxResTime" : 1015.0,
    "pct1ResTime" : 90.0,
    "pct2ResTime" : 164.0,
    "pct3ResTime" : 561.2300000000007,
    "throughput" : 382.9950210647262,
    "receivedKBytesPerSec" : 180.27695327460742,
    "sentKBytesPerSec" : 138.01285427039448
  }
}